series_code,time_period,obs_value
FL893061105.Q,2022Q1,24467.0
FL893061105.Q,2022Q2,24431.23
FL893061105.Q,2022Q3,24397.578999999998
FL893061105.Q,2022Q4,24353.553
FL893061105.Q,2023Q1,24289.603
FL893061105.Q,2023Q2,24202.547
FL893061105.Q,2023Q3,24245.701999999997
FL893061105.Q,2023Q4,24272.251999999997
FL893061105.Q,2024Q1,24312.354
FL893061105.Q,2024Q2,24510.534
FL893061105.Q,2024Q3,24752.51
FL893061105.Q,2024Q4,24995.125
FL893061105.Q,2025Q1,25283.504000000004
FL893061105.Q,2025Q2,25570.459
FL893061105.Q,2025Q3,25867.201
FL893061105.Q,2025Q4,26160.791
FU893061105.Q,2022Q1,0.0
FU893061105.Q,2022Q2,183.924
FU893061105.Q,2022Q3,192.94299999999998
FU893061105.Q,2022Q4,188.95700000000005
FU893061105.Q,2023Q1,172.94299999999998
FU893061105.Q,2023Q2,148.82200000000003
FU893061105.Q,2023Q3,122.49799999999999
FU893061105.Q,2023Q4,100.42200000000003
FU893061105.Q,2024Q1,87.99
FU893061105.Q,2024Q2,88.25
FU893061105.Q,2024Q3,101.141
FU893061105.Q,2024Q4,123.50399999999998
FU893061105.Q,2025Q1,149.865
FU893061105.Q,2025Q2,173.768
FU893061105.Q,2025Q3,189.36200000000002
FU893061105.Q,2025Q4,192.829
FR893061105.Q,2022Q1,0.0
FR893061105.Q,2022Q2,-219.697
FR893061105.Q,2022Q3,-226.59300000000002
FR893061105.Q,2022Q4,-232.98200000000003
FR893061105.Q,2023Q1,-236.89399999999998
FR893061105.Q,2023Q2,-235.879
FR893061105.Q,2023Q3,-79.34400000000001
FR893061105.Q,2023Q4,-73.87
FR893061105.Q,2024Q1,-65.889
FR893061105.Q,2024Q2,109.931
FR893061105.Q,2024Q3,115.83500000000001
FR893061105.Q,2024Q4,119.112
FR893061105.Q,2025Q1,118.51500000000001
FR893061105.Q,2025Q2,113.18700000000001
FR893061105.Q,2025Q3,107.38100000000001
FR893061105.Q,2025Q4,100.76099999999998
FV893061105.Q,2022Q1,0.0
FV893061105.Q,2022Q2,0.0
FV893061105.Q,2022Q3,0.0
FV893061105.Q,2022Q4,0.0
FV893061105.Q,2023Q1,0.0
FV893061105.Q,2023Q2,0.0
FV893061105.Q,2023Q3,0.0
FV893061105.Q,2023Q4,0.0
FV893061105.Q,2024Q1,18.0
FV893061105.Q,2024Q2,0.0
FV893061105.Q,2024Q3,25.0
FV893061105.Q,2024Q4,0.0
FV893061105.Q,2025Q1,20.0
FV893061105.Q,2025Q2,0.0
FV893061105.Q,2025Q3,0.0
FV893061105.Q,2025Q4,0.0
FL713061103.Q,2022Q1,5600.0
FL713061103.Q,2022Q2,5584.087
FL713061103.Q,2022Q3,5568.873
FL713061103.Q,2022Q4,5551.063
FL713061103.Q,2023Q1,5528.181
FL713061103.Q,2023Q2,5499.505
FL713061103.Q,2023Q3,5510.74
FL713061103.Q,2023Q4,5517.404
FL713061103.Q,2024Q1,5540.948
FL713061103.Q,2024Q2,5597.425
FL713061103.Q,2024Q3,5658.849
FL713061103.Q,2024Q4,5727.044
FL713061103.Q,2025Q1,5802.143
FL713061103.Q,2025Q2,5882.014
FL713061103.Q,2025Q3,5964.646
FL713061103.Q,2025Q4,6046.473
FU713061103.Q,2022Q1,0.0
FU713061103.Q,2022Q2,48.307
FU713061103.Q,2022Q3,52.913
FU713061103.Q,2022Q4,53.867
FU713061103.Q,2023Q1,50.936
FU713061103.Q,2023Q2,44.838
FU713061103.Q,2023Q3,37.066
FU713061103.Q,2023Q4,29.523
FU713061103.Q,2024Q1,24.055
FU713061103.Q,2024Q2,22.001
FU713061103.Q,2024Q3,23.865
FU713061103.Q,2024Q4,29.189
FU713061103.Q,2025Q1,36.671
FU713061103.Q,2025Q2,44.478
FU713061103.Q,2025Q3,50.699
FU713061103.Q,2025Q4,53.811
FR713061103.Q,2022Q1,0.0
FR713061103.Q,2022Q2,-64.221
FR713061103.Q,2022Q3,-68.126
FR713061103.Q,2022Q4,-71.677
FR713061103.Q,2023Q1,-73.818
FR713061103.Q,2023Q2,-73.514
FR713061103.Q,2023Q3,-25.831
FR713061103.Q,2023Q4,-22.859
FR713061103.Q,2024Q1,-18.511
FR713061103.Q,2024Q2,34.476
FR713061103.Q,2024Q3,37.559
FR713061103.Q,2024Q4,39.006
FR713061103.Q,2025Q1,38.428
FR713061103.Q,2025Q2,35.393
FR713061103.Q,2025Q3,31.933
FR713061103.Q,2025Q4,28.016
FV713061103.Q,2022Q1,0.0
FV713061103.Q,2022Q2,0.0
FV713061103.Q,2022Q3,0.0
FV713061103.Q,2022Q4,0.0
FV713061103.Q,2023Q1,0.0
FV713061103.Q,2023Q2,0.0
FV713061103.Q,2023Q3,0.0
FV713061103.Q,2023Q4,0.0
FV713061103.Q,2024Q1,18.0
FV713061103.Q,2024Q2,0.0
FV713061103.Q,2024Q3,0.0
FV713061103.Q,2024Q4,0.0
FV713061103.Q,2025Q1,0.0
FV713061103.Q,2025Q2,0.0
FV713061103.Q,2025Q3,0.0
FV713061103.Q,2025Q4,0.0
FL713061113.Q,2022Q1,319.125
FL713061113.Q,2022Q2,335.515
FL713061113.Q,2022Q3,348.733
FL713061113.Q,2022Q4,357.047
FL713061113.Q,2023Q1,359.293
FL713061113.Q,2023Q2,355.078
FL713061113.Q,2023Q3,347.645
FL713061113.Q,2023Q4,334.986
FL713061113.Q,2024Q1,319.794
FL713061113.Q,2024Q2,304.591
FL713061113.Q,2024Q3,289.631
FL713061113.Q,2024Q4,277.006
FL713061113.Q,2025Q1,268.548
FL713061113.Q,2025Q2,265.631
FL713061113.Q,2025Q3,269.118
FL713061113.Q,2025Q4,279.138
FU713061113.Q,2022Q1,0.0
FU713061113.Q,2022Q2,16.671
FU713061113.Q,2022Q3,13.504
FU713061113.Q,2022Q4,8.6
FU713061113.Q,2023Q1,2.532
FU713061113.Q,2023Q2,-3.932
FU713061113.Q,2023Q3,-7.326
FU713061113.Q,2023Q4,-12.548
FU713061113.Q,2024Q1,-15.075
FU713061113.Q,2024Q2,-15.337
FU713061113.Q,2024Q3,-15.079
FU713061113.Q,2024Q4,-12.733
FU713061113.Q,2025Q1,-8.562
FU713061113.Q,2025Q2,-3.021
FU713061113.Q,2025Q3,3.377
FU713061113.Q,2025Q4,9.9
FR713061113.Q,2022Q1,0.0
FR713061113.Q,2022Q2,-0.282
FR713061113.Q,2022Q3,-0.287
FR713061113.Q,2022Q4,-0.287
FR713061113.Q,2023Q1,-0.286
FR713061113.Q,2023Q2,-0.283
FR713061113.Q,2023Q3,-0.107
FR713061113.Q,2023Q4,-0.111
FR713061113.Q,2024Q1,-0.116
FR713061113.Q,2024Q2,0.134
FR713061113.Q,2024Q3,0.12
FR713061113.Q,2024Q4,0.109
FR713061113.Q,2025Q1,0.104
FR713061113.Q,2025Q2,0.104
FR713061113.Q,2025Q3,0.11
FR713061113.Q,2025Q4,0.12
FV713061113.Q,2022Q1,0.0
FV713061113.Q,2022Q2,0.0
FV713061113.Q,2022Q3,0.0
FV713061113.Q,2022Q4,0.0
FV713061113.Q,2023Q1,0.0
FV713061113.Q,2023Q2,0.0
FV713061113.Q,2023Q3,0.0
FV713061113.Q,2023Q4,0.0
FV713061113.Q,2024Q1,0.0
FV713061113.Q,2024Q2,0.0
FV713061113.Q,2024Q3,0.0
FV713061113.Q,2024Q4,0.0
FV713061113.Q,2025Q1,0.0
FV713061113.Q,2025Q2,0.0
FV713061113.Q,2025Q3,0.0
FV713061113.Q,2025Q4,0.0
FL263061105.Q,2022Q1,8200.0
FL263061105.Q,2022Q2,8175.376
FL263061105.Q,2022Q3,8148.044
FL263061105.Q,2022Q4,8114.845
FL263061105.Q,2023Q1,8074.294
FL263061105.Q,2023Q2,8027.36
FL263061105.Q,2023Q3,8034.721
FL263061105.Q,2023Q4,8039.865
FL263061105.Q,2024Q1,8047.324
FL263061105.Q,2024Q2,8123.264
FL263061105.Q,2024Q3,8231.934
FL263061105.Q,2024Q4,8323.974
FL263061105.Q,2025Q1,8422.645
FL263061105.Q,2025Q2,8523.982
FL263061105.Q,2025Q3,8625.018
FL263061105.Q,2025Q4,8721.721
FU263061105.Q,2022Q1,0.0
FU263061105.Q,2022Q2,58.622
FU263061105.Q,2022Q3,60.962
FU263061105.Q,2022Q4,59.639
FU263061105.Q,2023Q1,54.977
FU263061105.Q,2023Q2,48.117
FU263061105.Q,2023Q3,40.738
FU263061105.Q,2023Q4,34.648
FU263061105.Q,2024Q1,31.337
FU263061105.Q,2024Q2,31.616
FU263061105.Q,2024Q3,35.417
FU263061105.Q,2024Q4,41.809
FU263061105.Q,2025Q1,49.227
FU263061105.Q,2025Q2,55.855
FU263061105.Q,2025Q3,60.07
FU263061105.Q,2025Q4,60.84
FR263061105.Q,2022Q1,0.0
FR263061105.Q,2022Q2,-83.246
FR263061105.Q,2022Q3,-88.294
FR263061105.Q,2022Q4,-92.839
FR263061105.Q,2023Q1,-95.528
FR263061105.Q,2023Q2,-95.051
FR263061105.Q,2023Q3,-33.378
FR263061105.Q,2023Q4,-29.503
FR263061105.Q,2024Q1,-23.878
FR263061105.Q,2024Q2,44.325
FR263061105.Q,2024Q3,48.252
FR263061105.Q,2024Q4,50.231
FR263061105.Q,2025Q1,49.444
FR263061105.Q,2025Q2,45.482
FR263061105.Q,2025Q3,40.966
FR263061105.Q,2025Q4,35.863
FV263061105.Q,2022Q1,0.0
FV263061105.Q,2022Q2,0.0
FV263061105.Q,2022Q3,0.0
FV263061105.Q,2022Q4,0.0
FV263061105.Q,2023Q1,0.0
FV263061105.Q,2023Q2,0.0
FV263061105.Q,2023Q3,0.0
FV263061105.Q,2023Q4,0.0
FV263061105.Q,2024Q1,0.0
FV263061105.Q,2024Q2,0.0
FV263061105.Q,2024Q3,25.0
FV263061105.Q,2024Q4,0.0
FV263061105.Q,2025Q1,0.0
FV263061105.Q,2025Q2,0.0
FV263061105.Q,2025Q3,0.0
FV263061105.Q,2025Q4,0.0
FL263061110.Q,2022Q1,1427.752
FL263061110.Q,2022Q2,1472.305
FL263061110.Q,2022Q3,1498.04
FL263061110.Q,2022Q4,1501.16
FL263061110.Q,2023Q1,1480.624
FL263061110.Q,2023Q2,1438.402
FL263061110.Q,2023Q3,1389.103
FL263061110.Q,2023Q4,1327.936
FL263061110.Q,2024Q1,1262.475
FL263061110.Q,2024Q2,1209.854
FL263061110.Q,2024Q3,1170.668
FL263061110.Q,2024Q4,1144.068
FL263061110.Q,2025Q1,1138.386
FL263061110.Q,2025Q2,1155.918
FL263061110.Q,2025Q3,1196.661
FL263061110.Q,2025Q4,1257.832
FU263061110.Q,2022Q1,0.0
FU263061110.Q,2022Q2,45.813
FU263061110.Q,2022Q3,26.994
FU263061110.Q,2022Q4,4.352
FU263061110.Q,2023Q1,-19.335
FU263061110.Q,2023Q2,-41.056
FU263061110.Q,2023Q3,-48.864
FU263061110.Q,2023Q4,-60.723
FU263061110.Q,2024Q1,-65.0
FU263061110.Q,2024Q2,-53.148
FU263061110.Q,2024Q3,-39.661
FU263061110.Q,2024Q4,-27.039
FU263061110.Q,2025Q1,-6.111
FU263061110.Q,2025Q2,17.091
FU263061110.Q,2025Q3,40.266
FU263061110.Q,2025Q4,60.639
FR263061110.Q,2022Q1,0.0
FR263061110.Q,2022Q2,-1.26
FR263061110.Q,2022Q3,-1.259
FR263061110.Q,2022Q4,-1.232
FR263061110.Q,2023Q1,-1.201
FR263061110.Q,2023Q2,-1.166
FR263061110.Q,2023Q3,-0.435
FR263061110.Q,2023Q4,-0.445
FR263061110.Q,2024Q1,-0.461
FR263061110.Q,2024Q2,0.527
FR263061110.Q,2024Q3,0.475
FR263061110.Q,2024Q4,0.439
FR263061110.Q,2025Q1,0.429
FR263061110.Q,2025Q2,0.441
FR263061110.Q,2025Q3,0.477
FR263061110.Q,2025Q4,0.533
FV263061110.Q,2022Q1,0.0
FV263061110.Q,2022Q2,0.0
FV263061110.Q,2022Q3,0.0
FV263061110.Q,2022Q4,0.0
FV263061110.Q,2023Q1,0.0
FV263061110.Q,2023Q2,0.0
FV263061110.Q,2023Q3,0.0
FV263061110.Q,2023Q4,0.0
FV263061110.Q,2024Q1,0.0
FV263061110.Q,2024Q2,0.0
FV263061110.Q,2024Q3,0.0
FV263061110.Q,2024Q4,0.0
FV263061110.Q,2025Q1,0.0
FV263061110.Q,2025Q2,0.0
FV263061110.Q,2025Q3,0.0
FV263061110.Q,2025Q4,0.0
FL263061130.Q,2022Q1,3573.898
FL263061130.Q,2022Q2,3597.494
FL263061130.Q,2022Q3,3610.675
FL263061130.Q,2022Q4,3609.335
FL263061130.Q,2023Q1,3591.465
FL263061130.Q,2023Q2,3557.672
FL263061130.Q,2023Q3,3536.337
FL263061130.Q,2023Q4,3505.021
FL263061130.Q,2024Q1,3469.385
FL263061130.Q,2024Q2,3461.866
FL263061130.Q,2024Q3,3470.854
FL263061130.Q,2024Q4,3479.588
FL263061130.Q,2025Q1,3501.512
FL263061130.Q,2025Q2,3537.481
FL263061130.Q,2025Q3,3587.417
FL263061130.Q,2025Q4,3649.242
FU263061130.Q,2022Q1,0.0
FU263061130.Q,2022Q2,55.847
FU263061130.Q,2022Q3,47.717
FU263061130.Q,2022Q4,35.229
FU263061130.Q,2023Q1,19.898
FU263061130.Q,2023Q2,3.788
FU263061130.Q,2023Q3,-8.185
FU263061130.Q,2023Q4,-19.774
FU263061130.Q,2024Q1,-26.383
FU263061130.Q,2024Q2,-24.505
FU263061130.Q,2024Q3,-9.29
FU263061130.Q,2024Q4,-10.092
FU263061130.Q,2025Q1,3.552
FU263061130.Q,2025Q2,19.161
FU263061130.Q,2025Q3,34.824
FU263061130.Q,2025Q4,48.566
FR263061130.Q,2022Q1,0.0
FR263061130.Q,2022Q2,-32.251
FR263061130.Q,2022Q3,-34.536
FR263061130.Q,2022Q4,-36.569
FR263061130.Q,2023Q1,-37.768
FR263061130.Q,2023Q2,-37.581
FR263061130.Q,2023Q3,-13.149
FR263061130.Q,2023Q4,-11.543
FR263061130.Q,2024Q1,-9.253
FR263061130.Q,2024Q2,16.986
FR263061130.Q,2024Q3,18.279
FR263061130.Q,2024Q4,18.826
FR263061130.Q,2025Q1,18.372
FR263061130.Q,2025Q2,16.807
FR263061130.Q,2025Q3,15.112
FR263061130.Q,2025Q4,13.259
FV263061130.Q,2022Q1,0.0
FV263061130.Q,2022Q2,0.0
FV263061130.Q,2022Q3,0.0
FV263061130.Q,2022Q4,0.0
FV263061130.Q,2023Q1,0.0
FV263061130.Q,2023Q2,0.0
FV263061130.Q,2023Q3,0.0
FV263061130.Q,2023Q4,0.0
FV263061130.Q,2024Q1,0.0
FV263061130.Q,2024Q2,0.0
FV263061130.Q,2024Q3,0.0
FV263061130.Q,2024Q4,0.0
FV263061130.Q,2025Q1,0.0
FV263061130.Q,2025Q2,0.0
FV263061130.Q,2025Q3,0.0
FV263061130.Q,2025Q4,0.0
FL263061160.Q,2022Q1,403.094
FL263061160.Q,2022Q2,425.897
FL263061160.Q,2022Q3,442.351
FL263061160.Q,2022Q4,450.117
FL263061160.Q,2023Q1,447.986
FL263061160.Q,2023Q2,436.139
FL263061160.Q,2023Q3,419.089
FL263061160.Q,2023Q4,395.858
FL263061160.Q,2024Q1,369.48
FL263061160.Q,2024Q2,345.803
FL263061160.Q,2024Q3,325.718
FL263061160.Q,2024Q4,309.776
FL263061160.Q,2025Q1,301.018
FL263061160.Q,2025Q2,300.701
FL263061160.Q,2025Q3,309.386
FL263061160.Q,2025Q4,326.77
FU263061160.Q,2022Q1,0.0
FU263061160.Q,2022Q2,23.158
FU263061160.Q,2022Q3,16.818
FU263061160.Q,2022Q4,8.129
FU263061160.Q,2023Q1,-1.77
FU263061160.Q,2023Q2,-11.494
FU263061160.Q,2023Q3,-16.918
FU263061160.Q,2023Q4,-23.097
FU263061160.Q,2024Q1,-26.241
FU263061160.Q,2024Q2,-23.831
FU263061160.Q,2024Q3,-20.22
FU263061160.Q,2024Q4,-16.064
FU263061160.Q,2025Q1,-8.874
FU263061160.Q,2025Q2,-0.433
FU263061160.Q,2025Q3,8.561
FU263061160.Q,2025Q4,17.247
FR263061160.Q,2022Q1,0.0
FR263061160.Q,2022Q2,-0.356
FR263061160.Q,2022Q3,-0.364
FR263061160.Q,2022Q4,-0.364
FR263061160.Q,2023Q1,-0.36
FR263061160.Q,2023Q2,-0.353
FR263061160.Q,2023Q3,-0.132
FR263061160.Q,2023Q4,-0.134
FR263061160.Q,2024Q1,-0.138
FR263061160.Q,2024Q2,0.154
FR263061160.Q,2024Q3,0.136
FR263061160.Q,2024Q4,0.122
FR263061160.Q,2025Q1,0.116
FR263061160.Q,2025Q2,0.117
FR263061160.Q,2025Q3,0.124
FR263061160.Q,2025Q4,0.138
FV263061160.Q,2022Q1,0.0
FV263061160.Q,2022Q2,0.0
FV263061160.Q,2022Q3,0.0
FV263061160.Q,2022Q4,0.0
FV263061160.Q,2023Q1,0.0
FV263061160.Q,2023Q2,0.0
FV263061160.Q,2023Q3,0.0
FV263061160.Q,2023Q4,0.0
FV263061160.Q,2024Q1,0.0
FV263061160.Q,2024Q2,0.0
FV263061160.Q,2024Q3,0.0
FV263061160.Q,2024Q4,0.0
FV263061160.Q,2025Q1,0.0
FV263061160.Q,2025Q2,0.0
FV263061160.Q,2025Q3,0.0
FV263061160.Q,2025Q4,0.0
FL763061100.Q,2022Q1,1500.0
FL763061100.Q,2022Q2,1505.388
FL763061100.Q,2022Q3,1512.558
FL763061100.Q,2022Q4,1520.48
FL763061100.Q,2023Q1,1527.792
FL763061100.Q,2023Q2,1533.415
FL763061100.Q,2023Q3,1542.088
FL763061100.Q,2023Q4,1548.25
FL763061100.Q,2024Q1,1552.334
FL763061100.Q,2024Q2,1562.289
FL763061100.Q,2024Q3,1572.421
FL763061100.Q,2024Q4,1583.973
FL763061100.Q,2025Q1,1597.758
FL763061100.Q,2025Q2,1614.155
FL763061100.Q,2025Q3,1632.822
FL763061100.Q,2025Q4,1652.96
FU763061100.Q,2022Q1,0.0
FU763061100.Q,2022Q2,14.388
FU763061100.Q,2022Q3,16.347
FU763061100.Q,2022Q4,16.997
FU763061100.Q,2023Q1,16.179
FU763061100.Q,2023Q2,14.093
FU763061100.Q,2023Q3,11.249
FU763061100.Q,2023Q4,8.345
FU763061100.Q,2024Q1,6.09
FU763061100.Q,2024Q2,5.038
FU763061100.Q,2024Q3,5.445
FU763061100.Q,2024Q4,7.212
FU763061100.Q,2025Q1,9.907
FU763061100.Q,2025Q2,12.869
FU763061100.Q,2025Q3,15.374
FU763061100.Q,2025Q4,16.808
FR763061100.Q,2022Q1,0.0
FR763061100.Q,2022Q2,-9.0
FR763061100.Q,2022Q3,-9.177
FR763061100.Q,2022Q4,-9.075
FR763061100.Q,2023Q1,-8.867
FR763061100.Q,2023Q2,-8.47
FR763061100.Q,2023Q3,-2.576
FR763061100.Q,2023Q4,-2.184
FR763061100.Q,2024Q1,-2.007
FR763061100.Q,2024Q2,4.918
FR763061100.Q,2024Q3,4.687
FR763061100.Q,2024Q4,4.34
FR763061100.Q,2025Q1,3.878
FR763061100.Q,2025Q2,3.528
FR763061100.Q,2025Q3,3.293
FR763061100.Q,2025Q4,3.331
FV763061100.Q,2022Q1,0.0
FV763061100.Q,2022Q2,0.0
FV763061100.Q,2022Q3,0.0
FV763061100.Q,2022Q4,0.0
FV763061100.Q,2023Q1,0.0
FV763061100.Q,2023Q2,0.0
FV763061100.Q,2023Q3,0.0
FV763061100.Q,2023Q4,0.0
FV763061100.Q,2024Q1,0.0
FV763061100.Q,2024Q2,0.0
FV763061100.Q,2024Q3,0.0
FV763061100.Q,2024Q4,0.0
FV763061100.Q,2025Q1,0.0
FV763061100.Q,2025Q2,0.0
FV763061100.Q,2025Q3,0.0
FV763061100.Q,2025Q4,0.0
FL753061103.Q,2022Q1,125.0
FL753061103.Q,2022Q2,126.174
FL753061103.Q,2022Q3,127.381
FL753061103.Q,2022Q4,128.465
FL753061103.Q,2023Q1,129.293
FL753061103.Q,2023Q2,129.797
FL753061103.Q,2023Q3,130.389
FL753061103.Q,2023Q4,130.757
FL753061103.Q,2024Q1,131.039
FL753061103.Q,2024Q2,131.987
FL753061103.Q,2024Q3,133.158
FL753061103.Q,2024Q4,134.639
FL753061103.Q,2025Q1,136.446
FL753061103.Q,2025Q2,138.515
FL753061103.Q,2025Q3,140.719
FL753061103.Q,2025Q4,142.899
FU753061103.Q,2022Q1,0.0
FU753061103.Q,2022Q2,1.759
FU753061103.Q,2022Q3,1.795
FU753061103.Q,2022Q4,1.685
FU753061103.Q,2023Q1,1.456
FU753061103.Q,2023Q2,1.165
FU753061103.Q,2023Q3,0.882
FU753061103.Q,2023Q4,0.677
FU753061103.Q,2024Q1,0.6
FU753061103.Q,2024Q2,0.67
FU753061103.Q,2024Q3,0.87
FU753061103.Q,2024Q4,1.15
FU753061103.Q,2025Q1,1.443
FU753061103.Q,2025Q2,1.676
FU753061103.Q,2025Q3,1.793
FU753061103.Q,2025Q4,1.764
FR753061103.Q,2022Q1,0.0
FR753061103.Q,2022Q2,-0.585
FR753061103.Q,2022Q3,-0.588
FR753061103.Q,2022Q4,-0.601
FR753061103.Q,2023Q1,-0.629
FR753061103.Q,2023Q2,-0.661
FR753061103.Q,2023Q3,-0.29
FR753061103.Q,2023Q4,-0.31
FR753061103.Q,2024Q1,-0.318
FR753061103.Q,2024Q2,0.278
FR753061103.Q,2024Q3,0.302
FR753061103.Q,2024Q4,0.331
FR753061103.Q,2025Q1,0.364
FR753061103.Q,2025Q2,0.393
FR753061103.Q,2025Q3,0.411
FR753061103.Q,2025Q4,0.415
FV753061103.Q,2022Q1,0.0
FV753061103.Q,2022Q2,0.0
FV753061103.Q,2022Q3,0.0
FV753061103.Q,2022Q4,0.0
FV753061103.Q,2023Q1,0.0
FV753061103.Q,2023Q2,0.0
FV753061103.Q,2023Q3,0.0
FV753061103.Q,2023Q4,0.0
FV753061103.Q,2024Q1,0.0
FV753061103.Q,2024Q2,0.0
FV753061103.Q,2024Q3,0.0
FV753061103.Q,2024Q4,0.0
FV753061103.Q,2025Q1,0.0
FV753061103.Q,2025Q2,0.0
FV753061103.Q,2025Q3,0.0
FV753061103.Q,2025Q4,0.0
FL743061103.Q,2022Q1,26.0
FL743061103.Q,2022Q2,26.17
FL743061103.Q,2022Q3,26.326
FL743061103.Q,2022Q4,26.446
FL743061103.Q,2023Q1,26.514
FL743061103.Q,2023Q2,26.53
FL743061103.Q,2023Q3,26.582
FL743061103.Q,2023Q4,26.613
FL743061103.Q,2024Q1,26.649
FL743061103.Q,2024Q2,26.815
FL743061103.Q,2024Q3,27.029
FL743061103.Q,2024Q4,27.297
FL743061103.Q,2025Q1,27.611
FL743061103.Q,2025Q2,27.955
FL743061103.Q,2025Q3,28.301
FL743061103.Q,2025Q4,28.625
FU743061103.Q,2022Q1,0.0
FU743061103.Q,2022Q2,0.3
FU743061103.Q,2022Q3,0.289
FU743061103.Q,2022Q4,0.252
FU743061103.Q,2023Q1,0.197
FU743061103.Q,2023Q2,0.138
FU743061103.Q,2023Q3,0.089
FU743061103.Q,2023Q4,0.063
FU743061103.Q,2024Q1,0.065
FU743061103.Q,2024Q2,0.095
FU743061103.Q,2024Q3,0.146
FU743061103.Q,2024Q4,0.206
FU743061103.Q,2025Q1,0.259
FU743061103.Q,2025Q2,0.293
FU743061103.Q,2025Q3,0.299
FU743061103.Q,2025Q4,0.276
FR743061103.Q,2022Q1,0.0
FR743061103.Q,2022Q2,-0.13
FR743061103.Q,2022Q3,-0.133
FR743061103.Q,2022Q4,-0.132
FR743061103.Q,2023Q1,-0.129
FR743061103.Q,2023Q2,-0.122
FR743061103.Q,2023Q3,-0.037
FR743061103.Q,2023Q4,-0.031
FR743061103.Q,2024Q1,-0.029
FR743061103.Q,2024Q2,0.07
FR743061103.Q,2024Q3,0.067
FR743061103.Q,2024Q4,0.062
FR743061103.Q,2025Q1,0.056
FR743061103.Q,2025Q2,0.051
FR743061103.Q,2025Q3,0.048
FR743061103.Q,2025Q4,0.048
FV743061103.Q,2022Q1,0.0
FV743061103.Q,2022Q2,0.0
FV743061103.Q,2022Q3,0.0
FV743061103.Q,2022Q4,0.0
FV743061103.Q,2023Q1,0.0
FV743061103.Q,2023Q2,0.0
FV743061103.Q,2023Q3,0.0
FV743061103.Q,2023Q4,0.0
FV743061103.Q,2024Q1,0.0
FV743061103.Q,2024Q2,0.0
FV743061103.Q,2024Q3,0.0
FV743061103.Q,2024Q4,0.0
FV743061103.Q,2025Q1,0.0
FV743061103.Q,2025Q2,0.0
FV743061103.Q,2025Q3,0.0
FV743061103.Q,2025Q4,0.0
FL473061103.Q,2022Q1,55.0
FL473061103.Q,2022Q2,55.356
FL473061103.Q,2022Q3,55.66
FL473061103.Q,2022Q4,55.885
FL473061103.Q,2023Q1,56.018
FL473061103.Q,2023Q2,56.074
FL473061103.Q,2023Q3,56.258
FL473061103.Q,2023Q4,56.439
FL473061103.Q,2024Q1,56.659
FL473061103.Q,2024Q2,57.173
FL473061103.Q,2024Q3,57.776
FL473061103.Q,2024Q4,58.465
FL473061103.Q,2025Q1,59.21
FL473061103.Q,2025Q2,59.974
FL473061103.Q,2025Q3,60.712
FL473061103.Q,2025Q4,61.387
FU473061103.Q,2022Q1,0.0
FU473061103.Q,2022Q2,0.645
FU473061103.Q,2022Q3,0.599
FU473061103.Q,2022Q4,0.517
FU473061103.Q,2023Q1,0.418
FU473061103.Q,2023Q2,0.328
FU473061103.Q,2023Q3,0.267
FU473061103.Q,2023Q4,0.251
FU473061103.Q,2024Q1,0.284
FU473061103.Q,2024Q2,0.357
FU473061103.Q,2024Q3,0.453
FU473061103.Q,2024Q4,0.549
FU473061103.Q,2025Q1,0.62
FU473061103.Q,2025Q2,0.65
FU473061103.Q,2025Q3,0.63
FU473061103.Q,2025Q4,0.567
FR473061103.Q,2022Q1,0.0
FR473061103.Q,2022Q2,-0.289
FR473061103.Q,2022Q3,-0.295
FR473061103.Q,2022Q4,-0.292
FR473061103.Q,2023Q1,-0.285
FR473061103.Q,2023Q2,-0.272
FR473061103.Q,2023Q3,-0.082
FR473061103.Q,2023Q4,-0.07
FR473061103.Q,2024Q1,-0.064
FR473061103.Q,2024Q2,0.157
FR473061103.Q,2024Q3,0.15
FR473061103.Q,2024Q4,0.14
FR473061103.Q,2025Q1,0.125
FR473061103.Q,2025Q2,0.114
FR473061103.Q,2025Q3,0.107
FR473061103.Q,2025Q4,0.108
FV473061103.Q,2022Q1,0.0
FV473061103.Q,2022Q2,0.0
FV473061103.Q,2022Q3,0.0
FV473061103.Q,2022Q4,0.0
FV473061103.Q,2023Q1,0.0
FV473061103.Q,2023Q2,0.0
FV473061103.Q,2023Q3,0.0
FV473061103.Q,2023Q4,0.0
FV473061103.Q,2024Q1,0.0
FV473061103.Q,2024Q2,0.0
FV473061103.Q,2024Q3,0.0
FV473061103.Q,2024Q4,0.0
FV473061103.Q,2025Q1,0.0
FV473061103.Q,2025Q2,0.0
FV473061103.Q,2025Q3,0.0
FV473061103.Q,2025Q4,0.0
FL473061153.Q,2022Q1,11.0
FL473061153.Q,2022Q2,11.092
FL473061153.Q,2022Q3,11.169
FL473061153.Q,2022Q4,11.226
FL473061153.Q,2023Q1,11.262
FL473061153.Q,2023Q2,11.282
FL473061153.Q,2023Q3,11.323
FL473061153.Q,2023Q4,11.366
FL473061153.Q,2024Q1,11.423
FL473061153.Q,2024Q2,11.538
FL473061153.Q,2024Q3,11.675
FL473061153.Q,2024Q4,11.829
FL473061153.Q,2025Q1,11.994
FL473061153.Q,2025Q2,12.158
FL473061153.Q,2025Q3,12.313
FL473061153.Q,2025Q4,12.45
FU473061153.Q,2022Q1,0.0
FU473061153.Q,2022Q2,0.132
FU473061153.Q,2022Q3,0.117
FU473061153.Q,2022Q4,0.098
FU473061153.Q,2023Q1,0.079
FU473061153.Q,2023Q2,0.065
FU473061153.Q,2023Q3,0.06
FU473061153.Q,2023Q4,0.065
FU473061153.Q,2024Q1,0.078
FU473061153.Q,2024Q2,0.097
FU473061153.Q,2024Q3,0.116
FU473061153.Q,2024Q4,0.132
FU473061153.Q,2025Q1,0.14
FU473061153.Q,2025Q2,0.138
FU473061153.Q,2025Q3,0.127
FU473061153.Q,2025Q4,0.109
FR473061153.Q,2022Q1,0.0
FR473061153.Q,2022Q2,-0.04
FR473061153.Q,2022Q3,-0.04
FR473061153.Q,2022Q4,-0.041
FR473061153.Q,2023Q1,-0.043
FR473061153.Q,2023Q2,-0.045
FR473061153.Q,2023Q3,-0.02
FR473061153.Q,2023Q4,-0.021
FR473061153.Q,2024Q1,-0.021
FR473061153.Q,2024Q2,0.019
FR473061153.Q,2024Q3,0.021
FR473061153.Q,2024Q4,0.023
FR473061153.Q,2025Q1,0.025
FR473061153.Q,2025Q2,0.027
FR473061153.Q,2025Q3,0.028
FR473061153.Q,2025Q4,0.028
FV473061153.Q,2022Q1,0.0
FV473061153.Q,2022Q2,0.0
FV473061153.Q,2022Q3,0.0
FV473061153.Q,2022Q4,0.0
FV473061153.Q,2023Q1,0.0
FV473061153.Q,2023Q2,0.0
FV473061153.Q,2023Q3,0.0
FV473061153.Q,2023Q4,0.0
FV473061153.Q,2024Q1,0.0
FV473061153.Q,2024Q2,0.0
FV473061153.Q,2024Q3,0.0
FV473061153.Q,2024Q4,0.0
FV473061153.Q,2025Q1,0.0
FV473061153.Q,2025Q2,0.0
FV473061153.Q,2025Q3,0.0
FV473061153.Q,2025Q4,0.0
FL703061105.Q,2022Q1,1719.0
FL703061105.Q,2022Q2,1726.18
FL703061105.Q,2022Q3,1735.094
FL703061105.Q,2022Q4,1744.502
FL703061105.Q,2023Q1,1752.879
FL703061105.Q,2023Q2,1759.098
FL703061105.Q,2023Q3,1768.6399999999999
FL703061105.Q,2023Q4,1775.4250000000002
FL703061105.Q,2024Q1,1780.1039999999998
FL703061105.Q,2024Q2,1791.8020000000001
FL703061105.Q,2024Q3,1804.059
FL703061105.Q,2024Q4,1818.2030000000002
FL703061105.Q,2025Q1,1835.019
FL703061105.Q,2025Q2,1854.757
FL703061105.Q,2025Q3,1876.867
FL703061105.Q,2025Q4,1900.321
FU703061105.Q,2022Q1,0.0
FU703061105.Q,2022Q2,17.224
FU703061105.Q,2022Q3,19.147000000000006
FU703061105.Q,2022Q4,19.548999999999996
FU703061105.Q,2023Q1,18.328999999999997
FU703061105.Q,2023Q2,15.789
FU703061105.Q,2023Q3,12.547
FU703061105.Q,2023Q4,9.401000000000002
FU703061105.Q,2024Q1,7.117
FU703061105.Q,2024Q2,6.257
FU703061105.Q,2024Q3,7.03
FU703061105.Q,2024Q4,9.248999999999999
FU703061105.Q,2025Q1,12.369
FU703061105.Q,2025Q2,15.626
FU703061105.Q,2025Q3,18.223000000000003
FU703061105.Q,2025Q4,19.523999999999997
FR703061105.Q,2022Q1,0.0
FR703061105.Q,2022Q2,-10.044000000000002
FR703061105.Q,2022Q3,-10.233
FR703061105.Q,2022Q4,-10.140999999999998
FR703061105.Q,2023Q1,-9.953
FR703061105.Q,2023Q2,-9.57
FR703061105.Q,2023Q3,-3.005
FR703061105.Q,2023Q4,-2.6160000000000005
FR703061105.Q,2024Q1,-2.439
FR703061105.Q,2024Q2,5.442
FR703061105.Q,2024Q3,5.227
FR703061105.Q,2024Q4,4.896000000000001
FR703061105.Q,2025Q1,4.448
FR703061105.Q,2025Q2,4.113
FR703061105.Q,2025Q3,3.8870000000000005
FR703061105.Q,2025Q4,3.93
FV703061105.Q,2022Q1,0.0
FV703061105.Q,2022Q2,0.0
FV703061105.Q,2022Q3,0.0
FV703061105.Q,2022Q4,0.0
FV703061105.Q,2023Q1,0.0
FV703061105.Q,2023Q2,0.0
FV703061105.Q,2023Q3,0.0
FV703061105.Q,2023Q4,0.0
FV703061105.Q,2024Q1,0.0
FV703061105.Q,2024Q2,0.0
FV703061105.Q,2024Q3,0.0
FV703061105.Q,2024Q4,0.0
FV703061105.Q,2025Q1,0.0
FV703061105.Q,2025Q2,0.0
FV703061105.Q,2025Q3,0.0
FV703061105.Q,2025Q4,0.0
FL153061105.Q,2022Q1,7300.0
FL153061105.Q,2022Q2,7296.594
FL153061105.Q,2022Q3,7295.604
FL153061105.Q,2022Q4,7293.089
FL153061105.Q,2023Q1,7285.613
FL153061105.Q,2023Q2,7271.026
FL153061105.Q,2023Q3,7280.902
FL153061105.Q,2023Q4,7284.811
FL153061105.Q,2024Q1,7285.346
FL153061105.Q,2024Q2,7323.821
FL153061105.Q,2024Q3,7366.387
FL153061105.Q,2024Q4,7415.689
FL153061105.Q,2025Q1,7492.718
FL153061105.Q,2025Q2,7556.74
FL153061105.Q,2025Q3,7625.151
FL153061105.Q,2025Q4,7694.59
FU153061105.Q,2022Q1,0.0
FU153061105.Q,2022Q2,44.796
FU153061105.Q,2022Q3,44.248
FU153061105.Q,2022Q4,40.456
FU153061105.Q,2023Q1,34.349
FU153061105.Q,2023Q2,27.422
FU153061105.Q,2023Q3,21.371
FU153061105.Q,2023Q4,17.678
FU153061105.Q,2024Q1,17.246
FU153061105.Q,2024Q2,20.181
FU153061105.Q,2024Q3,25.766
FU153061105.Q,2024Q4,32.632
FU153061105.Q,2025Q1,39.098
FU153061105.Q,2025Q2,43.582
FU153061105.Q,2025Q3,44.985
FU153061105.Q,2025Q4,42.964
FR153061105.Q,2022Q1,0.0
FR153061105.Q,2022Q2,-48.202
FR153061105.Q,2022Q3,-45.239
FR153061105.Q,2022Q4,-42.971
FR153061105.Q,2023Q1,-41.826
FR153061105.Q,2023Q2,-42.009
FR153061105.Q,2023Q3,-11.495
FR153061105.Q,2023Q4,-13.768
FR153061105.Q,2024Q1,-16.711
FR153061105.Q,2024Q2,18.294
FR153061105.Q,2024Q3,16.801
FR153061105.Q,2024Q4,16.67
FR153061105.Q,2025Q1,17.931
FR153061105.Q,2025Q2,20.44
FR153061105.Q,2025Q3,23.426
FR153061105.Q,2025Q4,26.475
FV153061105.Q,2022Q1,0.0
FV153061105.Q,2022Q2,0.0
FV153061105.Q,2022Q3,0.0
FV153061105.Q,2022Q4,0.0
FV153061105.Q,2023Q1,0.0
FV153061105.Q,2023Q2,0.0
FV153061105.Q,2023Q3,0.0
FV153061105.Q,2023Q4,0.0
FV153061105.Q,2024Q1,0.0
FV153061105.Q,2024Q2,0.0
FV153061105.Q,2024Q3,0.0
FV153061105.Q,2024Q4,0.0
FV153061105.Q,2025Q1,20.0
FV153061105.Q,2025Q2,0.0
FV153061105.Q,2025Q3,0.0
FV153061105.Q,2025Q4,0.0
FL103061103.Q,2022Q1,420.0
FL103061103.Q,2022Q2,422.48
FL103061103.Q,2022Q3,425.232
FL103061103.Q,2022Q4,428.026
FL103061103.Q,2023Q1,430.613
FL103061103.Q,2023Q2,432.799
FL103061103.Q,2023Q3,435.074
FL103061103.Q,2023Q4,436.873
FL103061103.Q,2024Q1,438.331
FL103061103.Q,2024Q2,440.648
FL103061103.Q,2024Q3,443.1
FL103061103.Q,2024Q4,445.9
FL103061103.Q,2025Q1,449.185
FL103061103.Q,2025Q2,452.967
FL103061103.Q,2025Q3,457.14
FL103061103.Q,2025Q4,461.509
FU103061103.Q,2022Q1,0.0
FU103061103.Q,2022Q2,3.517
FU103061103.Q,2022Q3,3.764
FU103061103.Q,2022Q4,3.774
FU103061103.Q,2023Q1,3.546
FU103061103.Q,2023Q2,3.135
FU103061103.Q,2023Q3,2.642
FU103061103.Q,2023Q4,2.188
FU103061103.Q,2024Q1,1.884
FU103061103.Q,2024Q2,1.804
FU103061103.Q,2024Q3,1.968
FU103061103.Q,2024Q4,2.335
FU103061103.Q,2025Q1,2.817
FU103061103.Q,2025Q2,3.294
FU103061103.Q,2025Q3,3.65
FU103061103.Q,2025Q4,3.799
FR103061103.Q,2022Q1,0.0
FR103061103.Q,2022Q2,-1.038
FR103061103.Q,2022Q3,-1.011
FR103061103.Q,2022Q4,-0.979
FR103061103.Q,2023Q1,-0.959
FR103061103.Q,2023Q2,-0.95
FR103061103.Q,2023Q3,-0.367
FR103061103.Q,2023Q4,-0.39
FR103061103.Q,2024Q1,-0.425
FR103061103.Q,2024Q2,0.512
FR103061103.Q,2024Q3,0.484
FR103061103.Q,2024Q4,0.465
FR103061103.Q,2025Q1,0.468
FR103061103.Q,2025Q2,0.487
FR103061103.Q,2025Q3,0.523
FR103061103.Q,2025Q4,0.57
FV103061103.Q,2022Q1,0.0
FV103061103.Q,2022Q2,0.0
FV103061103.Q,2022Q3,0.0
FV103061103.Q,2022Q4,0.0
FV103061103.Q,2023Q1,0.0
FV103061103.Q,2023Q2,0.0
FV103061103.Q,2023Q3,0.0
FV103061103.Q,2023Q4,0.0
FV103061103.Q,2024Q1,0.0
FV103061103.Q,2024Q2,0.0
FV103061103.Q,2024Q3,0.0
FV103061103.Q,2024Q4,0.0
FV103061103.Q,2025Q1,0.0
FV103061103.Q,2025Q2,0.0
FV103061103.Q,2025Q3,0.0
FV103061103.Q,2025Q4,0.0
FL213061103.Q,2022Q1,280.0
FL213061103.Q,2022Q2,280.699
FL213061103.Q,2022Q3,281.345
FL213061103.Q,2022Q4,281.84
FL213061103.Q,2023Q1,282.113
FL213061103.Q,2023Q2,282.155
FL213061103.Q,2023Q3,282.543
FL213061103.Q,2023Q4,282.835
FL213061103.Q,2024Q1,283.145
FL213061103.Q,2024Q2,284.36
FL213061103.Q,2024Q3,285.784
FL213061103.Q,2024Q4,287.443
FL213061103.Q,2025Q1,289.308
FL213061103.Q,2025Q2,291.305
FL213061103.Q,2025Q3,293.321
FL213061103.Q,2025Q4,295.244
FU213061103.Q,2022Q1,0.0
FU213061103.Q,2022Q2,1.5
FU213061103.Q,2022Q3,1.445
FU213061103.Q,2022Q4,1.306
FU213061103.Q,2023Q1,1.117
FU213061103.Q,2023Q2,0.923
FU213061103.Q,2023Q3,0.773
FU213061103.Q,2023Q4,0.703
FU213061103.Q,2024Q1,0.73
FU213061103.Q,2024Q2,0.847
FU213061103.Q,2024Q3,1.027
FU213061103.Q,2024Q4,1.225
FU213061103.Q,2025Q1,1.392
FU213061103.Q,2025Q2,1.487
FU213061103.Q,2025Q3,1.488
FU213061103.Q,2025Q4,1.394
FR213061103.Q,2022Q1,0.0
FR213061103.Q,2022Q2,-0.801
FR213061103.Q,2022Q3,-0.8
FR213061103.Q,2022Q4,-0.811
FR213061103.Q,2023Q1,-0.843
FR213061103.Q,2023Q2,-0.881
FR213061103.Q,2023Q3,-0.385
FR213061103.Q,2023Q4,-0.41
FR213061103.Q,2024Q1,-0.42
FR213061103.Q,2024Q2,0.368
FR213061103.Q,2024Q3,0.397
FR213061103.Q,2024Q4,0.434
FR213061103.Q,2025Q1,0.474
FR213061103.Q,2025Q2,0.509
FR213061103.Q,2025Q3,0.529
FR213061103.Q,2025Q4,0.529
FV213061103.Q,2022Q1,0.0
FV213061103.Q,2022Q2,0.0
FV213061103.Q,2022Q3,0.0
FV213061103.Q,2022Q4,0.0
FV213061103.Q,2023Q1,0.0
FV213061103.Q,2023Q2,0.0
FV213061103.Q,2023Q3,0.0
FV213061103.Q,2023Q4,0.0
FV213061103.Q,2024Q1,0.0
FV213061103.Q,2024Q2,0.0
FV213061103.Q,2024Q3,0.0
FV213061103.Q,2024Q4,0.0
FV213061103.Q,2025Q1,0.0
FV213061103.Q,2025Q2,0.0
FV213061103.Q,2025Q3,0.0
FV213061103.Q,2025Q4,0.0
